{
    "RMSE": 11.07264432823684,
    "MAE": 7.479004436789907,
    "R2": 0.7605368325114251
}